date,produit,prix_usd_tonne,stabilite_politique,politique_commerciale,subventions_agricoles,pib_mondial_growth,inflation_us,taux_change_usd_eur,demande_mondiale,croissance_population,urbanisation_pct,revenu_moyen,investissement_agritech,rendement_agricole_index,adoption_irrigation,anomalie_temperature,precipitations_index,superficie_cultivee_mha,indice_secheresse,reglementation_export,normes_phytosanitaires,accord_commerce_international
2020-01,Cacao,2382.71,4.91,3.89,6.35,1.96,1.9,1.1066,5.87,1.09,55.03,12046.0,4.58,100.98,40.33,-0.59,89.85,12.12,5.34,5.04,5.96,4.64
2020-01,Café,1669.18,4.84,4.49,6.44,1.93,2.65,1.105,6.39,1.04,55.17,11697.0,2.69,99.09,37.25,0.7,106.64,9.39,5.11,4.0,5.97,3.65
2020-01,Maïs,281.6,5.41,4.64,6.17,2.19,2.69,1.0875,5.64,1.08,55.15,11950.0,5.17,98.77,36.7,0.61,114.22,197.25,5.1,6.43,5.96,2.29
2020-01,Soja,408.83,5.48,2.56,6.02,2.08,2.37,1.1145,6.29,1.22,55.19,11878.0,3.72,98.75,42.86,-0.45,99.3,127.37,4.32,4.71,5.26,2.7
2020-01,Coton,82.59,5.21,5.19,5.99,2.08,2.57,1.1217,6.45,1.11,54.7,12181.0,4.19,101.84,39.91,1.56,96.41,33.8,4.74,4.48,5.55,3.82
2020-01,Cacao,2621.41,5.48,4.69,4.81,2.31,2.77,1.0973,5.75,1.1,55.6,11939.0,3.85,102.84,39.16,-0.28,102.97,11.38,4.84,3.79,6.39,4.0
2020-01,Café,2032.24,5.22,5.37,5.35,2.06,2.68,1.1432,5.23,1.15,55.26,12457.0,4.42,100.88,38.94,-0.99,103.95,9.9,5.74,4.39,6.16,2.12
2020-01,Maïs,279.57,5.21,4.82,6.72,2.09,2.1,1.1175,6.33,1.12,54.87,12377.0,4.11,101.85,44.32,0.5,104.86,198.08,4.86,4.7,6.08,5.78
2020-01,Soja,430.78,5.33,5.2,5.74,1.58,2.67,1.1129,5.76,1.14,55.27,11951.0,4.33,100.51,36.05,0.37,101.54,126.63,5.0,5.49,5.8,4.48
2020-01,Coton,90.65,4.72,4.38,6.0,2.78,1.81,1.1222,5.91,1.09,55.65,12148.0,5.19,100.14,41.55,-0.38,95.09,33.03,4.59,5.2,5.19,6.4
2020-03,Cacao,2479.82,6.02,2.99,6.15,3.15,2.25,1.0867,5.86,1.12,55.37,12558.0,4.0,99.2,39.69,1.01,108.63,11.02,4.76,6.4,6.92,4.67
2020-03,Café,1879.89,4.53,3.16,6.02,2.35,2.83,1.107,5.56,1.06,54.82,12429.0,2.98,101.1,42.35,1.23,104.69,10.5,4.58,4.26,5.8,5.83
2020-03,Maïs,303.95,5.39,7.33,5.98,2.39,2.72,1.1122,7.29,1.18,54.75,12220.0,4.35,102.77,36.95,-1.79,84.91,196.96,4.73,5.35,5.76,2.53
2020-03,Soja,393.83,5.31,4.37,6.5,2.44,2.52,1.1436,6.07,1.07,55.01,12183.0,3.05,101.83,41.75,-0.27,96.83,127.19,5.64,5.04,5.86,3.29
2020-03,Coton,87.32,4.52,3.87,6.03,2.75,2.98,1.1373,5.78,1.13,54.82,12362.0,4.34,100.45,47.0,0.47,84.95,33.28,4.58,5.0,6.25,4.47
2020-03,Cacao,2301.34,4.64,4.77,6.65,2.87,3.37,1.0836,6.58,1.0,55.73,12501.0,3.63,105.41,43.43,-1.49,108.85,11.63,4.88,4.53,6.65,2.29
2020-03,Café,1903.31,6.13,3.17,6.11,2.36,2.37,1.1377,6.25,1.05,55.78,12608.0,4.12,101.44,39.15,1.01,104.45,10.23,4.73,5.62,6.05,4.92
2020-03,Maïs,292.0,5.64,4.67,5.94,2.04,2.27,1.1099,5.71,1.14,55.24,12764.0,5.34,102.44,36.86,-0.28,105.16,196.26,4.7,5.29,5.92,3.08
2020-03,Soja,427.84,6.12,3.84,5.59,2.19,3.03,1.111,6.44,1.14,55.47,12730.0,3.92,104.1,39.12,-0.29,117.87,127.41,4.83,3.81,6.32,3.24
2020-03,Coton,84.84,4.9,4.25,4.94,2.41,2.72,1.113,6.72,1.13,55.07,12316.0,4.55,100.13,40.5,-0.48,106.61,33.11,4.84,6.13,6.19,3.62
2020-04,Cacao,2442.25,5.66,4.53,6.73,2.17,2.71,1.1315,6.22,1.1,54.82,12765.0,4.59,104.9,48.75,-0.22,107.43,12.0,5.84,3.27,6.33,2.24
2020-04,Café,1661.32,4.29,2.62,6.53,2.13,2.61,1.1094,6.57,1.04,55.73,12401.0,3.88,103.38,42.07,1.17,108.99,9.4,4.58,4.43,6.42,4.46
2020-04,Maïs,296.87,5.73,3.47,5.93,2.45,3.31,1.1307,6.09,1.05,55.54,12482.0,4.44,100.35,45.13,-1.03,100.01,197.53,4.2,4.92,6.16,2.8
2020-04,Soja,478.61,6.05,2.03,5.28,2.64,2.18,1.1249,6.33,1.13,55.27,12619.0,3.88,105.14,40.51,0.31,102.67,127.05,4.78,4.84,5.73,4.96
2020-04,Coton,95.76,5.42,4.73,6.42,2.67,2.82,1.137,6.7,1.1,55.04,12605.0,3.32,103.19,43.24,1.02,109.3,33.46,4.86,3.98,5.57,2.84
2020-05,Cacao,2459.07,5.69,3.79,6.29,2.51,3.17,1.1617,6.01,1.09,55.26,12426.0,4.67,105.78,42.48,-0.35,120.5,10.83,4.99,5.14,5.94,5.67
2020-05,Café,1995.25,5.24,3.91,5.81,2.34,2.23,1.1681,6.85,1.14,55.09,13166.0,5.32,104.28,39.79,-0.65,113.77,9.54,4.88,6.09,5.56,6.41
2020-05,Maïs,323.72,4.75,2.59,5.86,2.18,2.64,1.0888,6.22,1.19,55.08,12695.0,3.59,104.96,41.82,1.59,111.66,196.81,5.17,4.49,5.63,4.36
2020-05,Soja,452.3,5.45,4.38,5.74,2.62,3.45,1.1183,7.2,1.09,55.19,13235.0,4.41,106.06,44.95,-1.3,110.8,126.74,4.23,3.23,6.21,4.71
2020-05,Coton,92.16,5.22,3.2,5.51,2.32,2.34,1.1364,6.32,1.06,55.35,12598.0,4.33,104.76,43.03,0.42,93.07,32.81,5.04,5.64,5.53,4.19
2020-06,Cacao,2796.03,5.35,3.91,6.23,2.66,3.07,1.1494,6.47,1.06,55.45,13151.0,4.3,104.55,41.53,0.68,102.75,12.46,4.46,3.94,6.28,4.16
2020-06,Café,1943.43,5.97,3.59,6.22,2.31,3.3,1.1606,6.67,1.11,55.26,12835.0,4.65,104.77,43.37,-1.04,113.1,9.65,4.39,4.85,5.46,4.84
2020-06,Maïs,316.12,5.42,3.01,5.53,2.54,1.83,1.1516,6.73,1.08,55.35,12936.0,4.58,106.44,43.06,-0.5,106.68,197.09,5.71,4.68,5.78,2.96
2020-06,Soja,416.25,5.61,2.64,5.38,1.99,2.35,1.1593,5.74,1.01,55.55,12832.0,4.62,105.91,42.97,-0.99,110.05,127.25,4.64,3.56,6.64,3.5
2020-06,Coton,89.26,5.45,5.03,6.13,2.48,3.07,1.1909,7.09,1.13,55.16,13650.0,3.8,104.24,40.9,1.35,115.5,32.29,5.06,5.55,6.07,2.54
2020-07,Cacao,2584.48,5.3,4.02,5.74,2.9,2.47,1.1205,6.09,1.17,55.41,13518.0,4.71,103.85,41.0,0.25,101.11,13.19,4.46,5.68,6.82,3.87
2020-07,Café,1829.84,5.38,4.36,6.44,2.69,2.29,1.1559,6.13,0.99,55.37,12764.0,4.76,108.52,49.08,-0.4,108.21,10.34,5.48,4.58,6.18,6.65
2020-07,Maïs,304.15,5.27,4.12,6.29,2.37,2.75,1.1318,6.32,1.19,55.81,13031.0,4.0,105.13,46.65,-0.39,127.39,196.31,4.81,6.74,5.43,5.43
2020-07,Soja,424.28,5.47,3.83,6.41,1.73,2.08,1.1438,6.48,1.06,55.52,12813.0,4.27,104.33,44.23,0.52,127.21,126.67,4.79,5.05,6.12,3.94
2020-07,Coton,84.58,5.7,3.08,5.52,2.2,3.31,1.1523,7.04,1.11,55.07,12833.0,4.85,104.45,40.23,-0.09,111.11,32.49,4.79,4.52,5.2,4.6
2020-08,Cacao,2585.82,6.24,2.85,5.21,3.12,2.27,1.1491,6.83,1.08,55.17,13238.0,4.44,108.33,45.77,2.5,97.89,11.99,4.44,6.15,6.6,4.9
2020-08,Café,1846.14,5.21,1.97,6.85,2.92,2.8,1.1805,6.9,1.15,55.18,13057.0,4.63,106.93,46.87,-0.74,115.62,11.1,5.32,5.87,6.26,4.92
2020-08,Maïs,331.4,5.64,5.22,5.56,2.94,3.26,1.1468,7.08,1.07,55.43,13200.0,5.5,106.86,46.81,-0.52,115.12,196.41,4.69,5.84,6.25,5.74
2020-08,Soja,460.32,5.49,5.28,5.68,2.31,3.42,1.1701,5.44,1.1,55.55,13549.0,4.17,105.53,41.27,-0.78,107.34,126.28,4.46,3.39,5.67,2.13
2020-08,Coton,88.92,5.24,2.77,6.24,2.75,2.73,1.1526,7.32,1.11,55.81,12683.0,4.21,103.14,42.72,0.37,107.6,33.26,4.46,5.58,5.65,3.69
2020-09,Cacao,2736.64,5.92,3.87,6.97,2.72,2.77,1.113,7.48,1.08,55.4,13614.0,5.22,107.36,40.2,0.41,109.45,11.41,5.51,2.87,6.53,4.55
2020-09,Café,2091.17,5.82,1.94,5.58,2.87,3.09,1.1878,5.61,1.08,56.04,13659.0,5.53,106.61,47.79,1.44,127.65,10.36,5.4,4.21,5.72,5.18
2020-09,Maïs,300.78,5.64,3.42,5.8,2.92,2.54,1.1695,6.71,1.1,55.53,13507.0,5.54,106.3,48.2,0.79,89.13,196.62,4.67,5.78,6.38,4.57
2020-09,Soja,477.85,5.2,3.25,5.39,2.8,2.9,1.1716,6.23,1.15,56.03,13659.0,4.96,107.48,46.52,0.56,109.15,127.64,5.84,6.98,6.31,4.39
2020-09,Coton,92.54,5.65,4.62,5.94,2.79,3.65,1.1715,6.62,1.14,55.8,13408.0,4.57,105.37,44.41,-0.83,117.77,32.41,5.44,5.75,6.41,3.88
2020-10,Cacao,2730.94,4.74,2.9,5.93,3.03,2.97,1.1539,6.72,1.08,55.51,13566.0,4.56,109.79,47.0,0.67,120.05,11.58,4.53,3.53,7.48,2.7
2020-10,Café,1872.32,5.54,3.72,5.71,2.37,2.6,1.1462,6.59,1.07,55.63,13543.0,4.38,109.4,43.84,0.26,103.58,10.33,4.79,5.41,6.47,3.79
2020-10,Maïs,307.24,5.53,5.35,6.47,3.07,2.53,1.152,6.32,1.09,55.97,13321.0,5.26,108.01,38.96,-0.3,90.98,196.62,4.72,4.39,6.2,3.53
2020-10,Soja,450.49,6.47,5.21,5.43,3.3,2.35,1.1577,7.42,0.99,56.01,13249.0,4.59,107.73,50.09,-0.57,116.14,127.31,4.87,4.18,6.31,4.11
2020-10,Coton,93.87,5.25,3.55,6.16,2.88,2.93,1.1737,6.31,1.06,55.97,13281.0,5.25,108.33,41.17,0.31,118.5,33.38,5.57,4.63,6.05,3.27
2020-11,Cacao,2550.25,5.41,4.28,6.01,2.86,2.75,1.1863,6.47,1.05,55.87,13597.0,4.2,110.04,48.04,0.12,119.13,12.26,4.98,5.89,7.03,4.1
2020-11,Café,1910.15,6.22,3.66,5.44,3.28,2.42,1.2151,7.15,1.11,55.93,14000.0,4.26,107.06,43.71,-0.12,107.76,10.08,5.07,4.19,7.01,2.33
2020-11,Maïs,284.0,5.97,3.79,6.21,2.82,2.64,1.1664,6.38,1.13,55.77,13802.0,5.03,110.36,48.2,0.72,125.52,196.74,4.87,3.17,6.48,3.19
2020-11,Soja,468.53,6.05,2.65,5.49,2.9,2.84,1.1827,6.14,1.1,55.41,13219.0,5.09,106.84,43.82,-1.04,103.74,126.8,4.79,5.98,6.55,3.69
2020-11,Coton,92.43,6.34,4.41,5.8,3.31,3.76,1.1926,7.6,1.15,56.17,13432.0,4.18,108.73,40.49,-0.38,126.5,32.67,5.27,3.65,6.17,5.23
2020-12,Cacao,2673.25,5.99,5.7,6.65,2.81,3.63,1.1718,6.77,1.1,56.32,13574.0,5.03,110.39,48.43,-0.07,128.67,11.64,5.57,5.35,5.84,4.49
2020-12,Café,1861.48,5.67,3.26,5.88,2.64,3.78,1.1616,6.45,1.16,56.18,13944.0,5.56,109.13,42.86,0.78,126.6,9.84,4.37,6.24,6.63,2.35
2020-12,Maïs,309.73,5.13,3.52,5.44,2.88,2.77,1.1719,7.14,1.11,56.19,14018.0,4.61,109.72,47.61,1.47,127.63,197.69,5.51,6.06,5.69,5.06
2020-12,Soja,460.55,5.87,3.47,5.79,3.2,3.44,1.1542,6.89,1.07,55.71,13879.0,4.64,108.61,43.69,0.33,118.54,126.45,4.58,4.82,6.56,2.74
2020-12,Coton,90.16,5.43,6.73,5.53,2.84,3.18,1.1661,7.19,1.19,55.88,13835.0,4.54,109.6,50.3,0.82,109.6,33.77,5.58,5.49,6.14,4.08
2021-01,Cacao,2527.59,6.14,3.68,4.88,3.42,3.23,1.2099,6.77,1.11,56.42,14028.0,5.01,115.22,45.99,0.24,136.61,11.6,4.47,3.57,6.65,4.75
2021-01,Café,1883.36,5.23,5.01,6.6,3.11,3.16,1.2019,7.02,1.13,55.76,13915.0,4.26,111.35,48.09,0.03,122.24,9.22,5.42,4.53,6.48,5.34
2021-01,Maïs,284.55,6.51,4.12,6.01,3.31,2.65,1.2002,6.87,1.15,56.02,13877.0,5.05,110.31,42.98,-0.05,131.95,196.95,4.56,5.72,5.69,1.46
2021-01,Soja,451.05,6.0,4.22,5.55,3.1,2.59,1.1927,6.03,1.09,56.16,13599.0,4.61,111.58,51.15,-1.09,122.67,126.38,4.32,6.6,6.7,3.03
2021-01,Coton,87.73,6.23,4.18,7.12,3.32,1.95,1.1825,6.47,1.09,56.09,13820.0,4.32,112.45,48.29,-0.43,126.07,33.34,5.63,3.94,6.75,3.27
2021-02,Cacao,2732.56,5.87,1.73,6.02,2.67,3.11,1.1908,6.7,1.03,55.83,13931.0,4.81,113.13,49.13,-0.26,132.45,11.32,5.33,4.82,6.56,4.77
2021-02,Café,1724.34,6.37,3.99,7.21,3.11,3.71,1.2049,6.31,1.17,55.85,13654.0,5.36,112.8,47.16,-0.09,135.55,10.36,4.66,5.73,5.97,3.33
2021-02,Maïs,276.34,4.87,2.82,6.61,2.88,2.98,1.1687,7.33,1.1,56.31,14079.0,4.35,109.74,49.51,0.07,127.45,195.42,5.54,4.51,7.34,3.39
2021-02,Soja,446.14,6.3,3.12,6.44,3.01,3.72,1.2078,7.15,1.06,56.1,14160.0,3.92,110.37,49.81,-0.9,132.5,126.69,5.14,3.85,6.66,4.56
2021-02,Coton,90.22,6.64,5.25,6.1,2.84,3.73,1.1659,6.68,1.14,56.3,14419.0,4.93,108.66,46.17,0.26,116.2,33.71,4.86,3.56,6.65,2.62
2021-03,Cacao,2766.68,6.16,2.6,6.54,3.97,2.45,1.213,7.2,1.11,56.35,14348.0,4.65,114.12,43.45,1.69,135.23,11.41,4.97,6.42,6.3,3.81
2021-03,Café,1716.99,6.61,3.39,6.0,3.42,3.17,1.1776,6.29,1.02,55.9,13906.0,4.64,112.45,47.66,-0.54,109.77,9.5,4.27,3.76,6.79,2.31
2021-03,Maïs,286.99,5.71,6.43,5.1,3.32,3.12,1.1795,7.12,1.11,55.93,14335.0,5.19,113.96,45.67,1.3,117.98,196.01,5.23,4.92,6.15,5.12
2021-03,Soja,429.68,6.53,3.92,6.38,3.47,3.44,1.1743,7.42,1.1,56.85,14346.0,5.38,110.85,46.28,0.2,108.25,126.41,4.91,4.92,6.58,5.34
2021-03,Coton,82.22,6.36,3.86,5.9,3.34,2.42,1.1962,6.64,1.05,55.68,14161.0,4.06,113.31,46.78,-1.22,113.21,33.38,4.67,4.72,6.35,3.85
2021-04,Cacao,2327.14,6.05,3.44,7.48,3.25,3.12,1.217,6.94,1.11,56.07,14711.0,4.75,113.36,51.4,-0.11,119.99,12.29,5.29,3.91,6.61,2.87
2021-04,Café,1653.94,5.75,5.22,6.8,4.1,3.28,1.1804,6.53,1.18,55.87,14337.0,4.78,115.42,44.96,1.01,133.13,9.92,5.18,3.46,6.5,3.74
2021-04,Maïs,246.32,6.28,4.36,5.15,2.89,3.0,1.1866,6.86,1.05,56.03,14461.0,4.83,112.64,47.31,0.5,118.45,197.43,5.0,5.89,7.03,2.25
2021-04,Soja,452.95,6.97,3.03,5.98,3.21,3.48,1.2076,6.68,1.17,56.08,14372.0,5.58,115.73,46.46,0.76,122.19,126.21,4.47,3.8,6.33,3.5
2021-04,Coton,82.57,6.71,4.42,7.33,3.24,3.62,1.2055,7.77,1.08,56.59,14726.0,4.71,112.69,49.51,-0.21,111.24,33.92,4.83,6.73,6.33,3.75
2021-05,Cacao,2596.74,6.02,3.1,5.64,3.44,3.08,1.2006,5.95,1.07,56.36,14447.0,4.64,112.27,48.71,1.33,105.85,11.86,5.41,5.33,6.53,3.46
2021-05,Café,1691.41,6.08,1.81,5.64,2.77,3.87,1.2153,6.68,1.14,57.15,14425.0,5.78,114.14,47.79,-0.74,114.27,9.8,3.76,5.53,6.44,4.55
2021-05,Maïs,272.43,7.63,2.34,5.53,3.57,4.29,1.179,7.99,1.05,56.8,14565.0,6.25,116.27,46.56,2.49,108.59,196.84,5.83,4.27,6.31,4.16
2021-05,Soja,437.38,6.32,3.25,6.1,3.55,3.95,1.2054,6.45,1.1,56.23,14814.0,4.3,114.44,45.3,1.16,127.54,127.11,5.18,4.66,6.84,3.94
2021-05,Coton,84.16,6.16,1.52,5.74,3.81,3.93,1.2009,7.01,1.08,56.61,14666.0,4.64,114.59,52.2,-0.62,117.96,33.23,5.28,4.58,6.36,3.44
2021-06,Cacao,2520.67,6.39,3.98,5.32,3.07,3.65,1.1753,7.24,1.08,56.32,14705.0,6.04,114.83,48.11,-1.03,124.6,12.57,5.2,6.17,6.79,2.44
2021-06,Café,1657.94,6.44,4.72,5.75,3.38,3.55,1.2252,7.63,1.13,56.62,14495.0,4.65,114.26,52.12,0.47,125.09,9.25,4.16,6.12,6.59,2.42
2021-06,Maïs,286.92,6.3,6.95,6.63,3.5,3.34,1.2044,7.08,1.03,56.78,14755.0,3.82,113.45,46.51,0.93,119.04,197.74,4.1,3.92,7.03,3.21
2021-06,Soja,400.52,5.91,3.24,6.27,3.73,2.77,1.1939,7.14,1.1,56.75,14724.0,4.91,112.73,43.53,-0.15,119.62,127.46,4.7,7.32,6.57,3.42
2021-06,Coton,81.38,5.69,4.21,4.97,3.6,3.43,1.204,7.21,1.04,56.23,15013.0,5.45,113.5,50.26,0.48,139.02,33.56,5.1,4.55,7.31,3.88
2021-07,Cacao,2348.41,5.61,3.14,5.82,3.66,3.82,1.223,7.26,1.14,57.26,15032.0,6.07,112.93,47.27,-0.44,92.16,12.04,5.55,4.46,6.71,2.98
2021-07,Café,1593.18,6.36,2.8,6.59,2.86,3.58,1.1902,7.93,1.14,55.96,14366.0,4.77,114.45,48.93,0.18,125.66,9.32,3.96,5.25,6.49,3.88
2021-07,Maïs,262.44,6.13,5.49,5.19,3.06,3.71,1.2313,7.08,1.04,55.98,14902.0,4.64,118.46,56.52,0.34,123.78,196.94,5.43,5.0,6.66,5.63
2021-07,Soja,431.66,7.29,2.36,5.72,3.16,3.79,1.1901,7.48,1.04,56.56,15309.0,6.09,112.38,50.59,0.82,113.99,126.45,5.19,5.1,6.85,3.81
2021-07,Coton,88.57,5.76,3.5,6.26,3.65,2.9,1.2259,6.45,1.1,56.49,14708.0,5.83,111.68,47.31,-0.56,127.67,33.78,5.25,6.4,5.74,4.2
2021-08,Cacao,2271.91,6.07,4.24,6.05,3.87,2.71,1.1828,6.5,1.02,56.97,15036.0,6.11,117.78,50.2,-0.61,128.1,11.65,4.22,3.85,6.72,5.52
2021-08,Café,1622.21,6.87,4.09,5.79,4.27,4.23,1.2035,6.82,1.02,56.79,14949.0,5.57,116.48,51.31,1.08,121.33,9.64,4.43,5.58,6.24,4.86
2021-08,Maïs,279.01,6.24,3.22,5.11,3.12,2.85,1.2001,7.02,1.05,56.93,15026.0,5.36,116.84,53.11,-1.12,125.25,196.1,4.42,6.01,6.94,4.8
2021-08,Soja,419.22,6.97,2.46,5.85,3.47,4.31,1.2201,7.76,1.06,57.34,15094.0,4.83,119.52,45.72,-0.53,115.85,126.51,5.08,5.28,6.71,6.27
2021-08,Coton,70.83,6.95,3.18,6.73,4.03,4.42,1.1957,6.66,1.12,56.65,14647.0,5.7,114.62,54.33,0.94,115.37,33.02,4.7,4.54,7.91,2.88
2021-09,Cacao,2437.3,6.8,3.62,5.69,3.08,4.03,1.2126,7.52,1.02,56.9,15207.0,5.23,114.73,50.33,-0.52,118.06,12.03,4.61,5.88,6.67,4.63
2021-09,Café,1640.49,6.81,3.04,5.83,3.75,3.61,1.2209,7.66,1.08,57.01,15099.0,5.88,119.58,53.77,2.01,101.75,9.73,4.64,4.6,6.85,3.56
2021-09,Maïs,282.96,6.79,4.41,5.49,3.64,3.82,1.2055,7.3,1.17,56.59,15077.0,5.73,117.6,53.06,-0.05,104.12,196.38,4.56,5.79,7.02,1.82
2021-09,Soja,424.83,6.26,2.96,7.1,3.56,3.88,1.2497,7.0,1.08,57.2,14888.0,5.44,116.87,53.41,0.5,108.13,127.49,5.2,3.95,6.42,3.37
2021-09,Coton,72.25,6.83,3.68,5.86,3.17,3.39,1.2281,7.66,1.02,56.45,15277.0,5.15,115.97,47.92,-0.89,118.22,32.81,5.34,4.93,6.31,4.83
2021-10,Cacao,2593.66,5.97,2.3,5.76,3.09,4.26,1.1688,7.17,1.17,57.09,15197.0,5.08,117.33,50.28,1.38,114.62,11.33,5.22,6.04,6.64,4.93
2021-10,Café,1598.62,5.73,3.92,5.43,3.3,3.22,1.2032,7.43,1.03,56.56,15299.0,5.7,117.71,44.38,1.21,133.89,10.79,5.0,5.67,6.47,4.23
2021-10,Maïs,251.06,6.4,2.57,6.29,3.39,3.91,1.2002,7.11,1.14,56.48,15247.0,5.2,118.72,50.77,0.4,121.42,195.83,4.26,5.12,7.14,4.69
2021-10,Soja,440.84,6.23,4.1,5.75,3.36,3.27,1.1857,7.24,1.07,56.84,14936.0,5.68,117.87,52.34,-0.19,111.09,127.49,4.65,6.99,6.17,3.7
2021-10,Coton,71.99,5.94,3.21,5.76,3.73,3.14,1.2088,6.62,1.08,57.23,15392.0,5.6,118.55,52.73,0.69,130.21,32.48,4.69,5.64,7.03,4.67
2021-11,Cacao,2599.56,6.12,2.65,6.64,3.5,3.43,1.1948,7.17,1.15,57.18,15512.0,5.8,118.45,54.58,-1.7,103.23,11.98,4.47,4.05,7.01,2.83
2021-11,Café,1610.77,6.43,4.06,5.59,3.44,4.14,1.2049,7.87,1.1,56.41,15357.0,5.46,120.35,54.91,0.53,106.35,10.06,4.54,4.76,6.27,4.56
2021-11,Maïs,266.9,6.77,2.54,5.44,4.59,3.3,1.1998,7.61,1.05,57.43,15437.0,5.61,121.13,49.13,-0.2,111.46,196.31,4.81,5.47,6.84,4.79
2021-11,Soja,432.75,6.54,3.76,6.61,3.29,4.21,1.1902,7.77,1.19,56.24,15412.0,5.33,120.96,50.28,2.37,99.64,127.17,4.48,5.51,6.54,3.46
2021-11,Coton,68.97,6.42,2.5,5.35,3.53,3.6,1.2146,6.71,1.12,57.01,15390.0,5.13,118.28,54.15,-0.11,123.39,32.86,5.54,5.03,6.7,2.07
2021-12,Cacao,2291.49,6.59,3.77,6.14,3.29,3.64,1.1785,7.58,1.09,57.56,15462.0,6.16,117.62,50.6,-0.47,126.11,12.22,4.69,5.23,6.37,5.68
2021-12,Café,1719.47,6.38,4.01,6.32,3.45,3.62,1.1811,7.26,1.08,57.22,15534.0,5.39,118.26,47.5,1.45,118.6,10.43,4.35,6.46,6.86,5.74
2021-12,Maïs,268.56,6.38,3.47,6.04,3.57,4.3,1.2217,7.48,1.16,56.18,15506.0,5.72,120.53,53.27,0.16,108.89,196.6,5.57,6.12,7.32,4.01
2021-12,Soja,406.18,6.68,3.98,5.94,3.49,3.45,1.1735,7.31,1.03,57.18,15768.0,5.22,116.46,53.18,0.39,113.71,126.33,3.66,6.71,6.71,4.61
2021-12,Coton,76.64,6.6,2.72,5.78,3.09,3.27,1.1767,6.53,1.08,56.79,15363.0,5.53,119.18,49.49,1.81,120.69,33.56,4.45,5.89,7.11,2.78
2022-01,Cacao,2409.89,7.88,3.59,6.24,3.43,4.08,1.1673,6.98,1.16,57.14,15254.0,5.68,119.73,54.63,0.47,115.39,12.04,4.7,3.85,6.51,2.98
2022-01,Café,1482.63,6.82,5.08,6.31,3.31,3.54,1.1784,8.04,1.13,57.61,15556.0,5.55,118.11,48.25,0.08,108.61,9.74,3.79,5.2,6.72,5.1
2022-01,Maïs,278.87,5.77,4.4,5.7,3.95,3.74,1.1771,7.28,1.02,57.47,16174.0,4.8,119.62,52.17,-0.27,124.14,197.62,4.43,7.07,6.85,3.71
2022-01,Soja,427.63,6.05,5.45,6.31,3.39,3.68,1.169,7.61,1.04,57.08,15647.0,5.95,121.56,54.86,0.11,104.87,126.85,4.55,5.49,6.61,2.84
2022-01,Coton,78.18,7.1,5.87,6.4,3.2,4.31,1.1702,7.1,1.12,56.67,15910.0,5.64,120.6,50.03,0.89,117.1,32.82,5.03,2.34,6.98,3.87
2022-02,Cacao,2433.71,6.53,4.5,5.63,3.44,3.78,1.1906,8.14,1.08,57.56,15639.0,5.88,118.22,53.22,0.79,130.54,12.02,4.12,6.03,6.88,4.12
2022-02,Café,1699.96,6.99,2.27,6.03,3.48,3.37,1.1503,7.49,1.08,56.95,15873.0,5.56,120.83,57.73,0.19,129.11,10.62,4.98,4.27,6.75,2.9
2022-02,Maïs,280.28,6.41,4.44,6.15,3.53,3.66,1.1633,7.3,1.14,57.12,15888.0,6.17,121.53,48.58,0.15,101.6,196.97,4.69,5.51,7.53,3.4
2022-02,Soja,421.31,6.73,4.96,5.48,3.69,4.07,1.1798,7.38,1.14,57.29,15980.0,5.37,118.22,52.72,-0.0,114.89,126.62,4.81,5.41,6.57,5.13
2022-02,Coton,76.73,6.1,4.25,5.99,3.21,4.05,1.1826,7.15,1.01,57.29,15920.0,5.79,122.87,45.53,1.23,123.95,32.51,5.0,4.19,6.45,3.88
2022-03,Cacao,2793.08,6.64,4.05,6.44,3.27,4.45,1.2092,7.78,1.06,57.57,16109.0,6.12,123.3,54.81,-0.5,123.45,12.14,4.59,5.62,7.02,4.9
2022-03,Café,1653.7,6.37,3.45,5.74,3.37,4.25,1.1711,7.51,1.09,57.41,16180.0,6.79,119.51,52.82,0.68,91.7,10.87,4.36,4.21,7.29,1.36
2022-03,Maïs,281.5,5.97,3.99,6.19,3.7,4.01,1.2195,7.6,1.08,57.62,16037.0,6.01,115.69,54.86,0.17,104.2,196.67,4.87,2.96,8.16,5.38
2022-03,Soja,442.24,7.41,4.27,5.55,3.77,3.2,1.1898,8.17,1.13,56.81,16091.0,5.74,120.49,46.56,-0.72,103.54,127.56,5.8,5.86,6.58,3.49
2022-03,Coton,83.75,6.77,4.39,6.12,3.82,4.74,1.178,7.65,1.13,57.11,15611.0,6.05,120.5,57.45,0.37,123.52,32.57,4.99,3.37,7.28,3.72
2022-04,Cacao,2736.82,6.3,4.68,6.25,3.55,4.08,1.2059,7.33,1.17,57.23,16441.0,7.04,121.2,47.53,0.36,99.78,11.74,4.19,4.47,7.51,5.35
2022-04,Café,1762.2,7.63,3.23,4.75,4.04,4.0,1.1712,6.71,1.03,57.54,16171.0,4.79,120.99,57.15,1.26,108.84,11.42,4.86,6.81,7.47,5.0
2022-04,Maïs,264.46,5.68,3.26,6.13,3.44,4.05,1.1719,7.85,1.15,57.34,16142.0,4.56,123.71,51.68,-0.49,115.38,197.46,4.69,5.95,6.5,3.72
2022-04,Soja,430.87,7.34,4.86,5.88,3.69,4.05,1.17,7.84,1.14,57.29,15950.0,6.04,122.0,50.56,-0.38,104.21,127.01,4.63,4.79,7.11,3.55
2022-04,Coton,82.61,6.68,4.57,6.72,3.35,3.26,1.1708,8.01,1.1,57.43,15855.0,5.45,123.21,56.33,-0.37,110.37,32.64,3.77,5.07,7.02,4.48
2022-05,Cacao,2766.77,7.33,4.95,5.82,3.68,3.36,1.1683,8.17,1.13,57.67,16732.0,5.56,124.39,54.22,1.13,105.96,12.39,5.05,5.63,6.88,3.56
2022-05,Café,1619.72,7.01,5.31,5.88,2.86,3.7,1.175,7.17,1.0,57.28,15942.0,6.1,122.6,54.68,1.28,95.71,8.93,4.26,5.47,6.39,3.56
2022-05,Maïs,283.46,6.5,3.38,7.33,3.32,4.02,1.1566,6.32,1.17,56.47,16621.0,5.27,121.16,54.17,2.0,107.98,196.9,3.89,5.65,6.82,4.86
2022-05,Soja,409.83,6.75,4.32,5.32,3.09,3.89,1.1566,7.79,1.03,57.15,16773.0,5.51,122.56,53.97,0.02,116.85,126.71,4.7,4.14,7.28,3.74
2022-05,Coton,80.8,6.44,4.55,5.4,3.11,4.76,1.1764,7.47,1.13,57.4,15900.0,6.01,123.02,55.55,-0.38,102.58,33.57,4.2,4.57,7.11,3.53
2022-06,Cacao,2864.56,6.41,4.36,5.65,2.99,4.29,1.1651,8.0,1.14,57.06,16524.0,5.0,124.78,51.74,0.62,110.08,11.73,4.19,6.22,6.34,4.77
2022-06,Café,1718.28,6.97,2.35,6.0,3.7,4.54,1.1445,7.54,1.19,57.07,16491.0,6.09,124.26,52.2,1.02,111.71,10.91,3.8,4.52,7.44,6.18
2022-06,Maïs,293.53,5.73,3.78,6.48,3.57,4.45,1.1983,7.47,1.05,57.14,16475.0,6.51,126.59,55.66,0.26,101.49,197.61,3.82,4.9,6.97,3.97
2022-06,Soja,498.06,6.05,6.46,5.67,3.12,3.74,1.1728,7.68,1.16,57.25,16165.0,5.81,124.42,50.59,0.16,108.18,126.6,3.78,3.9,6.94,4.55
2022-06,Coton,94.52,7.08,2.74,5.23,3.33,4.63,1.173,7.42,1.15,57.91,16792.0,5.47,124.66,51.16,-0.39,90.04,32.87,3.48,5.77,7.0,2.96
2022-07,Cacao,2852.38,7.27,4.35,5.71,3.23,4.01,1.1389,6.86,1.08,57.96,16485.0,5.1,124.67,58.81,-1.12,102.73,12.21,4.38,5.56,7.28,2.1
2022-07,Café,1788.43,7.19,3.78,6.19,3.02,4.57,1.1406,8.54,1.08,57.79,16543.0,7.01,121.84,56.61,-1.41,88.78,10.95,4.57,2.99,7.03,3.26
2022-07,Maïs,307.0,7.42,4.65,6.22,3.47,3.61,1.167,8.18,1.07,57.39,16940.0,6.17,123.09,54.23,-0.11,100.19,196.96,3.99,6.67,7.37,5.78
2022-07,Soja,433.58,6.56,5.17,6.36,3.12,3.75,1.1722,7.61,1.13,57.63,16626.0,6.13,123.56,60.6,0.7,114.82,126.74,3.85,4.68,6.69,4.81
2022-07,Coton,87.18,6.24,3.68,6.19,3.09,3.89,1.1842,7.34,1.07,58.33,16225.0,5.47,127.5,54.27,0.66,122.03,32.64,3.82,5.41,7.0,3.37
2022-08,Cacao,2834.28,5.84,4.47,6.42,3.22,4.01,1.1567,7.48,1.08,57.65,17094.0,6.11,125.43,55.51,-0.04,89.18,11.54,4.46,4.43,7.1,3.43
2022-08,Café,1637.5,6.27,5.4,5.79,3.07,3.93,1.139,7.87,1.08,57.64,16702.0,6.31,126.07,56.64,0.77,97.84,10.61,4.26,6.49,7.03,4.33
2022-08,Maïs,294.64,6.51,4.82,5.82,3.72,4.11,1.1774,7.23,1.09,57.52,17002.0,6.45,125.49,54.63,0.25,106.08,197.42,4.0,4.55,7.11,4.16
2022-08,Soja,483.26,6.27,5.74,5.69,3.72,4.66,1.1647,8.69,1.13,57.57,16695.0,5.8,126.86,51.56,-0.87,114.16,127.51,4.24,5.92,7.38,3.78
2022-08,Coton,79.16,7.14,4.45,5.31,3.31,3.91,1.1434,7.59,1.13,57.6,16569.0,6.47,126.33,51.72,0.59,107.71,32.92,4.12,4.24,6.37,4.63
2022-09,Cacao,2892.38,6.71,3.77,5.87,3.26,4.12,1.1555,7.57,1.03,57.79,16689.0,4.93,124.75,55.18,-0.36,81.48,11.89,4.55,5.83,7.1,5.11
2022-09,Café,1738.9,6.05,4.68,5.46,3.31,4.14,1.1309,7.55,1.16,57.27,17004.0,6.06,125.29,56.62,0.53,96.25,10.12,4.65,4.4,7.27,1.91
2022-09,Maïs,315.34,5.56,4.63,5.76,3.26,3.57,1.1386,8.19,1.13,57.74,16949.0,6.77,127.5,54.63,-0.19,90.05,196.98,3.36,2.84,7.01,4.3
2022-09,Soja,490.05,7.04,2.71,5.74,2.78,4.25,1.1361,7.54,1.1,57.54,16746.0,6.99,127.62,55.95,-0.96,94.7,127.29,4.03,6.01,7.59,3.9
2022-09,Coton,84.53,6.25,3.59,6.45,3.09,3.48,1.1475,7.73,1.08,57.16,17184.0,6.55,124.69,56.96,-0.59,83.24,31.95,4.33,5.88,6.98,3.93
2022-10,Cacao,3160.85,6.11,2.82,6.06,3.32,4.08,1.1018,7.43,1.13,58.05,16766.0,5.66,125.72,56.92,2.05,92.03,12.03,3.46,7.59,6.89,3.39
2022-10,Café,1810.55,5.83,4.81,6.0,2.9,3.96,1.0925,7.53,0.99,57.7,17001.0,5.97,126.33,54.47,1.27,109.28,9.92,4.43,4.69,7.01,3.01
2022-10,Maïs,322.87,6.8,2.71,6.08,3.0,3.84,1.1298,6.85,1.08,58.4,17187.0,5.7,128.03,57.27,0.03,89.03,197.0,3.56,4.83,7.43,4.98
2022-10,Soja,466.17,6.25,5.61,6.9,3.26,4.84,1.1545,7.75,1.0,57.81,16844.0,6.33,129.82,57.75,-0.34,83.2,126.02,2.9,6.63,7.48,3.84
2022-10,Coton,86.82,6.46,3.99,6.7,3.27,3.41,1.1516,6.85,1.08,57.42,17108.0,5.64,125.13,53.86,0.93,93.03,33.33,4.53,5.24,7.36,2.84
2022-11,Cacao,2980.54,5.9,4.55,6.45,3.37,4.24,1.1402,7.77,1.07,58.07,17395.0,7.44,129.09,54.2,-0.49,79.97,12.04,3.21,6.36,7.05,4.77
2022-11,Café,1823.63,6.65,2.96,5.98,2.96,4.21,1.1248,8.18,1.08,58.16,17316.0,7.15,123.03,55.57,1.3,67.77,10.74,3.8,2.96,7.46,2.74
2022-11,Maïs,303.74,7.21,3.61,5.52,3.69,4.62,1.1156,7.44,1.09,58.39,17053.0,5.7,129.91,56.65,0.37,98.23,196.8,2.55,4.79,7.66,6.61
2022-11,Soja,497.02,6.46,5.37,6.3,3.17,3.46,1.114,7.95,1.02,57.81,17592.0,6.2,125.85,51.84,0.28,87.21,126.57,3.88,5.28,7.24,4.42
2022-11,Coton,82.99,6.16,3.67,5.97,3.38,3.96,1.1068,8.58,1.11,57.5,17188.0,5.72,126.29,53.5,-0.35,113.58,33.51,4.45,6.09,7.11,4.48
2022-12,Cacao,3035.24,5.93,2.84,6.45,2.65,4.38,1.1272,8.24,1.12,57.64,17508.0,6.33,127.33,52.03,0.66,75.63,11.15,4.54,3.8,7.03,4.09
2022-12,Café,1824.61,5.95,3.29,6.4,2.93,4.29,1.0709,7.58,1.14,57.78,17210.0,6.59,129.7,59.0,-0.15,98.65,10.81,4.25,3.44,8.37,2.41
2022-12,Maïs,301.87,6.61,3.91,6.18,3.41,4.67,1.0962,7.9,1.15,58.32,17625.0,6.81,129.86,56.46,-0.75,95.37,196.77,4.29,4.13,7.05,3.49
2022-12,Soja,524.51,6.84,4.02,6.15,3.5,3.59,1.1291,8.4,1.16,58.24,17245.0,6.13,129.79,56.23,0.14,76.1,126.4,3.84,4.57,6.9,3.77
2022-12,Coton,89.98,6.33,4.17,6.04,2.94,4.3,1.0964,7.61,1.01,57.65,17163.0,6.2,130.5,57.97,0.42,81.73,33.14,4.52,4.91,6.87,2.6
2023-01,Cacao,3077.51,5.97,4.71,5.49,2.44,4.54,1.0799,8.19,1.15,57.91,17592.0,7.16,128.9,63.3,0.05,80.03,12.05,3.69,6.13,7.59,4.44
2023-01,Café,1880.03,6.53,4.79,5.74,2.61,4.43,1.1596,8.29,1.06,58.5,17177.0,6.34,130.2,56.48,-0.17,87.7,9.73,3.18,3.92,6.61,2.84
2023-01,Maïs,319.15,6.95,3.34,5.39,3.42,3.89,1.1077,7.42,1.06,58.2,17642.0,7.1,130.6,58.96,0.81,79.1,197.61,3.84,5.49,7.47,2.22
2023-01,Soja,483.56,6.51,4.14,6.29,2.97,4.28,1.131,8.06,1.14,58.44,17803.0,6.63,130.69,59.3,1.17,112.21,126.48,3.2,6.58,7.31,3.48
2023-01,Coton,85.96,6.91,4.56,7.0,2.91,4.71,1.1389,7.17,1.05,58.16,17435.0,6.26,128.61,58.06,-0.41,76.61,33.19,3.64,5.98,7.44,4.51
2023-02,Cacao,3149.65,5.96,3.5,6.14,3.14,4.66,1.0933,7.82,1.11,57.82,17870.0,6.92,131.79,61.98,1.11,68.92,12.11,2.76,4.05,7.21,5.42
2023-02,Café,1847.58,6.54,5.79,6.12,2.57,3.84,1.08,7.96,1.02,58.3,17762.0,6.17,130.56,60.55,-0.19,95.09,9.64,3.77,6.46,7.4,2.47
2023-02,Maïs,322.33,6.46,3.14,5.37,2.74,4.75,1.1139,8.51,1.1,58.76,17531.0,6.75,130.04,63.47,0.34,77.44,197.12,2.92,4.13,7.64,3.98
2023-02,Soja,526.88,5.98,5.3,5.91,2.27,4.04,1.0695,7.18,1.13,58.28,17818.0,6.16,131.2,54.6,-0.07,86.18,126.71,3.53,4.98,7.46,4.36
2023-02,Coton,92.89,6.18,4.65,6.14,2.93,4.45,1.0544,8.87,1.05,57.93,17636.0,5.88,133.02,57.14,-0.23,79.47,33.22,4.18,5.27,6.96,5.59
2023-03,Cacao,3096.84,6.03,3.93,6.07,2.84,4.45,1.0897,8.86,1.24,58.3,17667.0,6.07,132.42,54.63,0.18,90.19,12.09,3.18,6.84,7.62,3.43
2023-03,Café,1879.23,6.3,3.48,5.8,3.13,4.23,1.0878,8.44,1.12,58.32,17717.0,7.77,132.43,52.39,1.37,73.38,9.31,3.03,6.26,7.19,4.25
2023-03,Maïs,297.18,6.93,3.73,5.36,2.87,4.65,1.0909,8.57,1.13,58.7,17839.0,6.65,132.5,62.98,0.06,105.1,197.06,3.38,5.44,6.96,2.02
2023-03,Soja,551.99,6.93,3.08,6.07,2.96,4.25,1.1178,7.68,1.15,58.06,17951.0,7.37,131.91,58.04,0.5,93.49,126.79,3.18,6.76,7.86,3.2
2023-03,Coton,82.87,5.75,2.89,5.86,2.75,3.9,1.0923,6.48,1.11,58.73,17607.0,5.16,131.45,61.6,-0.0,88.53,33.65,4.23,5.6,6.81,4.2
2023-04,Cacao,2936.76,6.36,3.76,5.71,3.15,4.41,1.0513,8.13,1.13,58.35,17845.0,6.45,131.12,58.49,-0.23,82.65,11.32,3.41,4.22,7.68,4.46
2023-04,Café,1929.67,5.68,5.41,5.94,2.87,4.86,1.1002,7.97,1.12,58.31,18146.0,6.22,132.61,64.62,1.94,95.54,10.73,3.54,6.05,8.11,3.93
2023-04,Maïs,296.81,6.28,4.19,5.59,2.33,4.3,1.0563,8.4,1.19,58.54,17721.0,6.77,130.71,60.84,-0.33,94.69,197.35,3.12,5.5,7.36,6.07
2023-04,Soja,467.21,6.57,5.24,5.82,2.54,4.57,1.0625,7.68,1.05,58.28,17582.0,6.37,132.84,58.86,0.0,93.85,127.79,2.91,6.2,6.63,2.99
2023-04,Coton,90.11,6.49,4.12,6.43,2.63,4.81,1.0712,7.63,1.01,58.54,17826.0,7.17,133.51,59.33,0.4,86.84,32.9,2.55,6.45,7.11,4.64
2023-05,Cacao,3076.92,6.48,4.22,6.46,2.33,4.95,1.0762,7.98,1.08,58.4,18266.0,6.15,130.22,59.68,0.9,80.64,12.69,3.83,6.4,7.95,4.32
2023-05,Café,1825.57,5.99,1.31,6.2,2.36,4.47,1.0231,8.41,1.09,58.24,17919.0,6.33,131.53,57.59,-0.79,81.54,9.83,3.61,3.25,7.19,2.93
2023-05,Maïs,321.38,6.3,4.85,6.92,2.6,4.76,1.0578,7.9,1.1,59.06,17922.0,6.67,132.83,58.24,0.62,83.78,197.06,2.82,5.73,6.99,3.55
2023-05,Soja,521.8,7.03,3.25,6.31,2.57,4.97,1.0751,8.81,1.18,58.12,18085.0,6.36,132.68,55.05,-1.0,93.83,127.17,3.56,4.1,6.95,3.77
2023-05,Coton,92.83,6.37,4.18,6.59,2.71,4.62,1.0814,7.86,1.18,58.39,18006.0,7.07,134.22,59.08,0.92,94.4,31.32,2.32,5.4,6.99,6.02
2023-06,Cacao,3058.34,6.24,4.06,5.81,2.31,4.65,1.085,7.2,1.11,58.37,18317.0,6.42,133.82,57.78,0.33,79.97,11.17,3.29,2.19,7.25,2.21
2023-06,Café,1773.78,6.13,4.82,5.9,2.44,5.05,1.0556,7.96,1.17,58.7,18697.0,7.03,132.81,64.22,1.09,79.84,10.27,3.04,5.5,7.41,3.84
2023-06,Maïs,337.04,6.52,2.67,6.1,2.41,4.73,1.0697,8.15,1.02,58.03,18580.0,6.79,135.61,62.58,-0.08,65.68,197.26,3.34,6.75,7.32,4.09
2023-06,Soja,461.64,5.99,4.25,5.82,2.24,5.17,1.097,7.44,1.1,58.37,18597.0,6.92,134.5,58.19,1.41,79.58,127.93,3.63,4.35,7.61,4.29
2023-06,Coton,84.92,6.67,3.97,6.01,2.31,4.3,1.0665,8.06,1.15,58.09,18322.0,7.6,132.58,57.87,-0.39,90.48,32.37,3.09,4.33,7.17,3.63
2023-07,Cacao,2945.78,6.07,3.95,6.13,2.27,4.84,1.0477,7.75,1.1,58.07,18286.0,6.53,132.87,60.81,-0.23,72.56,12.51,4.02,5.99,7.55,5.35
2023-07,Café,1751.68,6.13,4.11,5.83,1.75,4.31,1.0407,8.22,1.08,58.04,18444.0,7.01,135.55,62.59,2.27,73.0,10.66,3.44,4.36,7.38,3.1
2023-07,Maïs,307.81,6.03,3.56,6.0,2.1,5.1,1.0748,7.63,1.14,58.27,18093.0,7.02,135.22,59.28,0.78,101.28,198.51,2.55,5.33,6.94,7.4
2023-07,Soja,485.05,6.69,4.09,5.47,2.35,4.11,1.0444,7.85,1.11,57.9,18437.0,8.14,132.97,62.48,0.02,53.45,126.5,2.64,5.85,7.42,3.74
2023-07,Coton,87.46,6.32,3.84,6.33,1.99,4.57,1.0823,6.91,1.06,58.63,18496.0,6.7,135.04,58.84,1.14,83.62,33.91,3.41,5.55,8.0,3.04
2023-08,Cacao,2922.37,5.34,4.87,6.83,2.16,4.21,1.0724,7.62,1.07,59.13,18528.0,6.84,137.62,63.77,-0.48,96.02,11.13,3.39,5.49,7.26,3.07
2023-08,Café,1593.76,7.08,4.12,5.68,2.48,5.18,1.0562,8.34,1.15,58.68,18663.0,6.88,133.71,58.2,0.73,73.88,9.99,2.76,5.97,7.58,4.37
2023-08,Maïs,301.25,6.14,3.66,6.12,1.79,4.69,1.0572,8.19,1.05,58.54,18524.0,6.66,133.37,58.74,0.37,84.82,197.07,2.45,5.38,7.39,3.41
2023-08,Soja,468.64,5.96,4.72,5.91,2.27,4.3,1.1057,6.86,1.0,58.51,18640.0,7.82,135.97,62.9,1.1,81.92,126.02,3.01,5.22,8.33,3.13
2023-08,Coton,88.57,5.53,5.53,6.07,2.56,4.98,1.0634,8.04,1.07,58.62,18447.0,6.88,132.79,62.52,1.15,92.99,33.66,2.96,4.85,7.36,4.47
2023-09,Cacao,3007.98,6.34,2.65,6.69,2.35,5.15,1.0439,7.86,1.2,58.43,18412.0,8.0,136.36,61.21,-0.09,60.39,12.93,3.14,5.51,7.83,2.9
2023-09,Café,1704.49,6.71,1.8,6.3,2.44,4.79,1.0251,7.91,1.08,58.86,18644.0,7.38,135.22,60.94,1.31,78.84,10.27,2.13,6.52,6.92,4.12
2023-09,Maïs,297.6,5.79,3.73,6.62,2.73,4.66,1.0357,7.06,1.19,58.43,18568.0,7.05,137.1,67.07,2.11,87.99,196.76,2.46,4.82,7.82,5.15
2023-09,Soja,494.5,5.22,3.43,6.73,2.05,4.72,1.0974,7.96,1.17,59.3,18902.0,6.78,132.58,59.92,0.89,86.37,127.59,2.23,5.2,6.68,2.94
2023-09,Coton,84.04,5.08,4.82,6.92,1.78,4.65,1.0772,8.25,1.12,58.78,18476.0,6.93,137.93,62.76,0.95,76.83,32.56,2.57,3.95,6.96,3.98
2023-10,Cacao,2858.46,5.65,4.7,5.53,2.24,5.0,1.0695,8.17,1.14,58.86,18619.0,7.49,139.32,62.63,2.06,89.36,13.0,2.59,4.12,7.56,3.13
2023-10,Café,1650.56,6.0,4.16,5.95,1.82,4.59,1.0616,7.97,1.03,58.23,18836.0,7.21,135.03,57.64,0.83,112.07,10.44,2.19,4.88,7.49,2.47
2023-10,Maïs,276.56,6.05,4.79,6.13,1.91,5.0,1.0466,7.51,1.04,59.03,19127.0,7.27,138.57,67.4,-0.84,84.91,197.66,3.25,6.43,7.3,4.82
2023-10,Soja,491.28,5.82,4.19,5.33,1.86,4.93,1.0572,8.0,1.18,59.28,18703.0,7.02,136.04,65.47,0.96,72.19,127.46,2.02,6.18,6.56,3.79
2023-10,Coton,77.35,6.46,4.25,4.9,1.71,4.57,1.0599,8.81,1.13,59.26,18749.0,7.27,136.99,59.76,0.1,76.56,33.23,2.93,4.45,7.32,1.72
2023-11,Cacao,2912.31,6.02,3.97,6.27,1.86,4.46,1.018,7.83,1.11,58.73,18962.0,6.47,136.99,58.26,-0.14,85.4,12.09,2.51,4.78,7.93,2.59
2023-11,Café,1643.28,5.71,4.28,5.92,1.85,4.97,1.0171,7.39,1.08,58.54,19079.0,6.83,135.7,64.59,0.71,78.16,9.85,3.04,4.73,7.67,2.64
2023-11,Maïs,299.69,6.0,4.52,5.86,1.79,4.37,1.0259,7.77,1.04,59.29,19255.0,6.12,134.39,58.94,0.52,106.8,196.41,2.43,6.33,7.37,5.34
2023-11,Soja,488.33,6.05,4.88,6.47,1.59,4.78,1.0174,8.01,1.04,58.62,19061.0,7.13,139.68,64.13,1.54,93.11,127.57,0.82,4.23,7.75,2.41
2023-11,Coton,76.75,6.4,4.05,5.83,2.53,4.68,1.0522,7.98,1.1,58.81,18882.0,7.02,135.55,65.33,0.48,75.6,33.4,2.07,3.03,7.74,2.35
2023-12,Cacao,2653.86,6.09,4.97,5.61,1.64,5.5,0.9961,8.42,1.12,58.78,19173.0,6.77,137.4,63.54,-0.17,63.6,12.36,2.19,5.8,7.54,7.38
2023-12,Café,1626.93,5.34,2.63,5.55,1.78,4.24,1.0018,8.01,1.02,58.97,19247.0,6.7,139.31,64.26,1.27,86.72,9.89,2.41,5.46,7.75,1.97
2023-12,Maïs,300.95,5.73,5.13,6.09,1.72,4.9,1.0531,7.62,1.01,58.92,19452.0,7.99,139.95,57.64,0.21,75.3,196.91,1.94,4.72,7.13,6.78
2023-12,Soja,464.36,5.75,2.76,6.48,2.09,5.36,1.0313,7.76,1.06,58.77,19119.0,7.54,137.57,64.85,1.0,75.54,127.49,2.7,5.38,7.59,4.21
2023-12,Coton,74.09,5.59,4.25,6.45,1.84,5.1,1.0197,7.61,1.1,59.12,19062.0,6.9,137.66,64.55,-0.78,82.82,33.13,2.59,4.44,7.71,2.68
2024-01,Cacao,2705.36,6.36,2.67,5.68,1.64,5.21,0.9903,7.7,1.05,59.58,19295.0,7.01,139.37,67.09,-1.25,69.54,12.11,2.08,3.56,7.35,4.19
2024-01,Café,1582.72,6.94,2.36,5.26,1.45,5.34,1.0012,7.24,1.14,58.86,19573.0,7.37,138.21,67.18,1.06,95.37,9.79,2.23,6.47,8.08,4.31
2024-01,Maïs,272.77,5.43,2.57,5.5,1.75,4.47,1.0336,6.71,1.06,58.88,19472.0,7.53,137.35,65.19,-0.43,83.27,196.39,2.46,6.47,8.45,5.3
2024-01,Soja,436.79,5.7,3.07,5.69,1.29,4.7,1.0415,9.11,1.12,59.14,19485.0,6.48,137.93,66.92,0.22,76.67,127.43,1.44,6.17,7.31,4.68
2024-01,Coton,76.67,6.32,4.99,5.49,2.06,5.15,1.0477,7.73,1.16,59.3,19262.0,7.77,138.64,67.24,0.33,81.43,33.03,2.9,4.91,7.87,4.72
2024-02,Cacao,2676.49,6.36,5.47,6.26,1.84,4.66,1.0403,7.22,1.11,59.63,19362.0,7.6,138.91,66.98,-0.72,76.7,11.68,2.35,3.3,8.27,4.37
2024-02,Café,1490.48,6.64,3.98,6.13,1.8,5.64,1.0177,7.46,1.1,59.29,19495.0,7.01,138.79,59.91,0.8,72.48,9.68,2.55,6.08,7.25,3.58
2024-02,Maïs,276.63,6.15,2.96,5.6,1.84,4.76,0.994,7.99,1.05,59.08,19757.0,7.24,139.79,63.59,-0.8,82.59,197.51,2.93,7.85,7.55,4.24
2024-02,Soja,431.94,6.82,4.99,6.48,1.89,4.95,0.9638,8.62,1.13,59.24,19335.0,7.77,140.45,65.6,-0.47,69.6,126.96,2.25,3.96,8.36,3.47
2024-02,Coton,75.52,6.03,5.47,5.61,1.66,4.49,1.0355,8.2,1.11,59.25,19863.0,7.28,139.12,63.26,1.24,86.7,33.24,1.97,5.55,7.91,4.13
2024-03,Cacao,2755.56,6.07,4.4,5.76,1.52,4.36,1.0225,7.93,1.18,58.71,19684.0,7.7,139.75,66.95,0.65,86.78,11.88,0.62,5.08,7.74,3.12
2024-03,Café,1401.31,6.1,4.4,6.79,1.37,5.52,1.0108,7.74,1.12,59.51,19545.0,8.19,140.83,61.8,-0.49,92.2,9.72,2.25,5.11,7.66,5.18
2024-03,Maïs,273.78,5.28,1.7,5.94,1.54,5.55,0.9964,8.49,1.09,59.77,19455.0,7.2,141.82,69.07,1.1,68.13,197.54,2.2,3.37,7.48,3.58
2024-03,Soja,436.31,6.49,4.54,6.57,1.35,4.38,1.0195,8.0,1.14,59.45,19681.0,7.8,140.92,66.12,2.01,94.38,126.47,1.41,6.36,7.53,3.84
2024-03,Coton,73.11,6.0,3.59,5.4,1.08,4.09,0.9894,8.6,1.05,59.24,19874.0,8.06,139.96,67.63,0.12,62.1,33.48,2.26,4.12,7.78,4.4
2024-04,Cacao,2793.03,5.29,3.83,6.15,1.75,5.01,0.9854,8.19,1.16,59.15,19901.0,7.99,143.19,70.03,0.66,96.41,12.68,1.7,5.31,7.83,3.18
2024-04,Café,1482.58,4.77,4.71,6.42,1.87,5.64,0.995,7.89,1.18,59.66,19652.0,6.29,141.26,62.79,0.48,92.04,9.28,2.25,3.78,8.73,4.06
2024-04,Maïs,286.57,5.25,1.87,5.52,1.23,5.57,0.9841,8.39,1.12,59.3,19303.0,7.19,143.06,67.61,0.55,67.96,197.06,2.24,4.51,7.91,3.15
2024-04,Soja,410.6,5.45,3.31,6.61,1.74,5.08,0.9962,8.25,1.17,59.04,19672.0,8.04,142.32,64.68,1.36,87.85,126.53,2.25,4.99,8.39,4.73
2024-04,Coton,76.89,5.84,4.52,5.31,1.08,5.26,1.0151,7.77,1.0,59.01,19908.0,7.53,140.64,63.21,0.65,80.82,32.92,1.86,5.15,7.85,3.25
2024-05,Cacao,2984.72,5.41,4.17,5.22,1.13,5.52,1.0189,8.07,1.07,59.52,19751.0,8.07,138.46,65.34,-0.2,96.3,11.9,2.65,6.45,7.95,2.03
2024-05,Café,1441.71,5.46,4.4,6.19,1.03,5.46,0.984,7.78,1.11,59.38,20264.0,8.1,140.42,63.12,1.36,84.49,10.31,2.04,6.23,8.08,4.94
2024-05,Maïs,270.89,6.01,2.39,5.88,1.24,4.84,0.9856,6.96,1.16,59.35,19915.0,7.78,144.0,70.51,0.1,85.23,196.55,2.39,5.02,8.13,4.99
2024-05,Soja,470.55,5.98,4.09,5.38,1.53,5.82,0.9957,7.62,1.13,59.92,19742.0,6.33,141.48,66.8,0.33,80.75,126.75,1.7,4.17,7.91,4.69
2024-05,Coton,68.03,6.5,4.44,6.28,1.34,5.25,0.9819,8.75,1.17,59.34,19686.0,7.38,143.29,65.32,-0.19,84.96,32.56,2.69,5.95,8.03,3.15
2024-06,Cacao,2832.79,6.2,1.91,6.1,1.76,5.92,0.9832,8.09,1.15,59.86,19732.0,6.6,143.43,68.49,0.35,81.27,12.64,2.68,4.41,7.86,2.61
2024-06,Café,1668.79,4.94,2.93,5.56,1.02,5.71,1.0487,8.08,1.08,59.72,19919.0,8.27,143.15,68.26,-0.1,82.5,9.19,1.95,5.89,7.06,2.79
2024-06,Maïs,275.2,5.49,3.91,5.98,1.42,5.19,0.9686,8.1,1.16,59.58,19745.0,7.72,143.91,64.03,0.51,97.31,197.81,2.0,5.51,7.73,3.51
2024-06,Soja,486.33,6.12,4.62,5.74,1.78,5.62,0.9764,8.49,1.11,59.58,19697.0,6.87,144.68,64.7,1.1,71.27,126.26,2.9,5.91,7.75,4.27
2024-06,Coton,71.98,5.82,5.18,5.79,1.48,4.52,1.0383,8.45,1.1,59.4,20382.0,7.35,143.75,66.06,-0.29,94.93,32.79,2.17,4.65,7.75,3.79
2024-07,Cacao,2762.46,5.94,3.91,6.43,1.47,5.74,0.991,8.26,1.09,59.58,20107.0,7.43,144.95,66.47,-0.13,94.37,12.18,1.25,5.11,8.28,5.32
2024-07,Café,1472.72,5.02,3.63,6.67,1.47,4.33,1.018,6.82,1.2,59.84,20171.0,7.72,144.99,66.02,0.83,84.59,9.87,2.62,2.96,7.85,2.33
2024-07,Maïs,281.84,5.22,6.55,5.74,1.21,5.0,1.0186,7.68,1.07,60.14,20406.0,7.8,147.62,65.6,-0.19,77.95,197.6,1.55,6.19,7.58,1.82
2024-07,Soja,445.17,5.72,5.19,6.65,1.36,5.52,0.9479,8.06,1.1,59.49,20117.0,8.11,145.71,73.39,0.3,77.93,127.94,1.7,4.48,7.28,4.5
2024-07,Coton,78.05,5.99,4.22,6.27,1.41,5.46,1.0244,8.36,1.11,59.42,20411.0,7.38,143.78,65.35,2.16,76.18,33.33,2.2,5.88,7.82,4.1
2024-08,Cacao,2860.01,4.14,3.24,6.68,0.92,5.35,1.0529,7.43,1.07,59.59,20000.0,7.3,142.66,69.63,0.27,66.05,12.41,2.26,4.64,8.25,4.7
2024-08,Café,1452.13,5.64,4.18,5.58,0.86,5.46,1.0462,7.89,1.11,59.35,20348.0,7.63,144.23,66.03,0.43,81.75,10.62,2.8,4.24,7.72,4.52
2024-08,Maïs,296.02,5.12,3.43,6.29,0.67,6.19,1.0061,7.76,1.09,59.34,20761.0,7.69,144.15,73.27,1.29,85.43,197.22,1.61,4.64,7.78,4.36
2024-08,Soja,491.3,6.49,1.83,7.16,1.47,5.31,0.9915,6.98,1.16,59.34,20530.0,7.53,142.36,69.26,0.86,78.02,127.43,2.68,5.49,8.04,3.12
2024-08,Coton,71.79,5.3,4.07,6.01,1.1,6.3,1.0115,7.42,1.04,59.15,20198.0,8.02,144.37,65.92,0.94,92.87,33.19,1.77,4.96,7.34,1.79
2024-09,Cacao,2837.77,5.04,3.18,5.91,0.94,4.83,0.998,8.06,1.08,60.0,20613.0,7.99,145.04,69.74,1.02,69.69,12.53,1.44,5.65,6.98,3.48
2024-09,Café,1399.07,5.36,4.18,6.2,1.09,4.85,1.0261,7.22,1.08,59.52,20429.0,7.1,147.23,70.74,0.53,87.54,9.52,1.64,4.09,7.93,4.47
2024-09,Maïs,288.66,5.63,4.58,6.4,1.67,4.78,0.9754,7.28,1.09,59.27,20444.0,8.22,146.69,73.42,1.16,99.12,196.74,1.52,5.88,8.24,1.7
2024-09,Soja,446.78,4.94,3.14,6.66,1.62,5.48,1.0069,8.86,1.12,59.92,20625.0,7.99,147.62,70.68,0.54,85.05,127.13,0.87,5.46,7.95,4.38
2024-09,Coton,72.23,5.67,4.18,6.0,1.19,5.02,0.9709,8.12,0.99,59.93,20964.0,7.99,146.88,73.38,1.31,111.76,32.56,1.53,5.48,7.25,3.99
2024-10,Cacao,3000.21,6.01,5.07,6.38,1.21,5.42,1.0066,8.25,1.15,59.62,20790.0,7.83,146.8,72.46,0.28,81.49,11.54,1.34,5.61,7.87,3.28
2024-10,Café,1642.35,5.44,4.7,7.1,1.57,5.54,1.0075,8.43,1.16,59.73,20455.0,8.3,146.74,70.83,0.92,83.72,9.74,2.16,4.84,7.62,3.67
2024-10,Maïs,302.6,5.1,5.74,6.41,0.56,5.49,1.0321,9.52,1.08,59.84,20429.0,8.14,147.12,69.85,-0.38,98.52,197.91,2.3,5.36,7.91,5.08
2024-10,Soja,481.68,4.09,2.28,6.68,1.4,5.35,0.9848,7.72,1.04,59.76,21049.0,7.55,145.21,64.97,0.65,81.21,127.33,1.47,6.68,8.17,4.57
2024-10,Coton,72.28,5.37,4.3,6.17,1.11,5.45,0.9774,6.67,1.04,60.14,20860.0,8.44,146.89,69.68,0.5,73.63,33.09,1.3,4.39,7.54,3.92
2024-11,Cacao,3164.54,5.69,3.03,6.12,0.91,4.65,1.0209,7.52,1.13,59.68,21006.0,8.56,147.59,71.13,-0.03,89.35,11.44,2.08,6.19,7.77,4.05
2024-11,Café,1535.85,4.63,3.49,5.4,0.35,5.57,0.9822,7.82,0.97,59.94,20712.0,7.62,148.51,69.13,0.73,93.06,10.24,1.16,4.99,7.87,4.85
2024-11,Maïs,294.33,5.66,4.53,5.71,1.15,5.29,0.9893,7.45,1.05,60.01,20811.0,7.78,148.48,72.15,0.58,73.17,197.24,0.57,4.11,7.9,5.84
2024-11,Soja,442.0,4.52,3.28,6.35,0.44,5.13,1.0263,8.29,1.07,60.22,20867.0,7.48,146.13,67.62,-0.37,97.11,127.5,0.83,5.67,7.55,3.91
2024-11,Coton,80.76,5.79,3.98,6.12,1.42,6.1,1.0231,8.22,1.13,60.41,20997.0,7.59,147.36,70.73,-0.62,86.74,33.86,0.99,5.51,8.09,5.16
